ticket_id,type,organization,comment,photo,photo_after,coords,address,subdistrict,district,province,timestamp,state,star,count_reopen,last_activity
EXT-00001,{PM2.5},Air4Thai,สถานี: มหาวิทยาลัยราชภัฏบ้านสมเด็จเจ้าพระยา | PM2.5: - (AQI -) | PM10: -1 | CO: -1 | O3: -1 | NO2: -1 | SO2: -1 | เวลา: 2025-11-23 22:00,,,"13.732846,100.487662","แขวงหิรัญรูจี เขตธนบุรี, กรุงเทพฯ",,,กรุงเทพมหานคร,2025-11-23T22:51:54.331983,open,0,0,2025-11-23T22:51:54.331989
EXT-00002,{PM2.5},Air4Thai,สถานี: ริมถนนทางหลวงหมายเลข 3902  | PM2.5: - (AQI -) | PM10: -1 | CO: -1 | O3: -1 | NO2: -1 | SO2: -1 | เวลา: 2025-11-23 22:00,,,"13.636514,100.414262","ริมถนนกาญจนาภิเษก เขตบางขุนเทียน, กรุงเทพฯ",,,กรุงเทพมหานคร,2025-11-23T22:51:54.331996,open,0,0,2025-11-23T22:51:54.331997
EXT-00003,{PM2.5},Air4Thai,สถานี: กรมอุตุนิยมวิทยาบางนา | PM2.5: - (AQI -) | PM10: -1 | CO: -1 | O3: -1 | NO2: -1 | SO2: -1 | เวลา: 2025-11-23 22:00,,,"13.666183,100.605742","แขวงบางนา เขตบางนา, กรุงเทพฯ",,,กรุงเทพมหานคร,2025-11-23T22:51:54.332002,open,0,0,2025-11-23T22:51:54.332003
EXT-00004,{PM2.5},Air4Thai,สถานี: โรงเรียนนนทรีวิทยา  | PM2.5: - (AQI -) | PM10: -1 | CO: -1 | O3: -1 | NO2: -1 | SO2: -1 | เวลา: 2025-11-23 22:00,,,"13.70806667,100.5473333","แขวงช่องนนทรี เขตยานนาวา, กรุงเทพฯ",,,กรุงเทพมหานคร,2025-11-23T22:51:54.332007,open,0,0,2025-11-23T22:51:54.332008
EXT-00005,{PM2.5},Air4Thai,สถานี: โรงพยาบาลจุฬาลงกรณ์ | PM2.5: - (AQI -) | PM10: -1 | CO: -1 | O3: -1 | NO2: -1 | SO2: -1 | เวลา: 2025-11-23 22:00,,,"13.729852,100.536501","ริมถนนพระราม 4 เขตปทุมวัน, กรุงเทพฯ",,,กรุงเทพมหานคร,2025-11-23T22:51:54.332011,open,0,0,2025-11-23T22:51:54.332011
EXT-00006,{PM2.5},Air4Thai,สถานี: การไฟฟ้าย่อยธนบุรี  | PM2.5: - (AQI -) | PM10: -1 | CO: -1 | O3: -1 | NO2: -1 | SO2: -1 | เวลา: 2025-11-23 22:00,,,"13.727622,100.486568","ริมถนนอินทรพิทักษ์ เขตธนบุรี, กรุงเทพฯ",,,กรุงเทพมหานคร,2025-11-23T22:51:54.332015,open,0,0,2025-11-23T22:51:54.332016
EXT-00007,{PM2.5},Air4Thai,สถานี: สถานีตำรวจนครบาลโชคชัย  | PM2.5: - (AQI -) | PM10: -1 | CO: -1 | O3: -1 | NO2: -1 | SO2: -1 | เวลา: 2025-11-23 05:00,,,"13.7954248,100.5930298","ริมถนนลาดพร้าว เขตวังทองหลาง, กรุงเทพฯ",,,กรุงเทพมหานคร,2025-11-23T22:51:54.332020,open,0,0,2025-11-23T22:51:54.332021
EXT-00008,{PM2.5},Air4Thai,สถานี: การเคหะชุมชนดินแดง  | PM2.5: - (AQI -) | PM10: 57 | CO: 0.00 | O3: -1 | NO2: -1 | SO2: -1 | เวลา: 2025-11-23 22:00,,,"13.76251667,100.5502","ริมถนนดินแดง เขตดินแดง, กรุงเทพฯ",,,กรุงเทพมหานคร,2025-11-23T22:51:54.332024,open,0,0,2025-11-23T22:51:54.332025
EXT-00009,{PM2.5},Air4Thai,สถานี: กรมประชาสัมพันธ์ | PM2.5: - (AQI -) | PM10: 43 | CO: 0.70 | O3: 51 | NO2: 23 | SO2: -1 | เวลา: 2025-11-23 21:00,,,"13.783185,100.540489","แขวงพญาไท เขตพญาไท, กรุงเทพฯ",,,กรุงเทพมหานคร,2025-11-23T22:51:54.332028,open,0,0,2025-11-23T22:51:54.332029
EXT-00010,{PM2.5},Air4Thai,สถานี: โรงเรียนบดินทรเดชา (สิงห์ สิงหเสนี)  | PM2.5: - (AQI -) | PM10: -1 | CO: -1 | O3: -1 | NO2: -1 | SO2: -1 | เวลา: 2025-11-23 22:00,,,"13.769634,100.614567","แขวงพลับพลา เขตวังทองหลาง, กรุงเทพฯ",,,กรุงเทพมหานคร,2025-11-23T22:51:54.332033,open,0,0,2025-11-23T22:51:54.332034
EXT-00011,{PM2.5},Air4Thai,สถานี: สำนักงานเขตบึงกุ่ม | PM2.5: - (AQI -) | PM10: -1 | CO: -1 | O3: -1 | NO2: -1 | SO2: -1 | เวลา: 2025-11-23 22:00,,,"13.785212,100.669183",แขวงคลองกุ่ม เขตบึงกุ่ม,,,กรุงเทพมหานคร,2025-11-23T22:51:54.332037,open,0,0,2025-11-23T22:51:54.332038
EXT-00012,{PM2.5},Air4Thai,สถานี: สำนักงานเขตคลองสามวา | PM2.5: - (AQI -) | PM10: 67 | CO: -1 | O3: -1 | NO2: -1 | SO2: -1 | เวลา: 2025-11-23 22:00,,,"13.859911,100.704002","เขตคลองสามวา, กรุงเทพฯ",,,กรุงเทพมหานคร,2025-11-23T22:51:54.332041,open,0,0,2025-11-23T22:51:54.332042
EXT-00013,{PM2.5},Air4Thai,สถานี: สำนักงานเขตจอมทอง | PM2.5: - (AQI -) | PM10: -1 | CO: -1 | O3: -1 | NO2: -1 | SO2: -1 | เวลา: 2025-11-23 22:00,,,"13.677757,100.483861","เขตจอมทอง, กรุงเทพฯ",,,กรุงเทพมหานคร,2025-11-23T22:51:54.332045,open,0,0,2025-11-23T22:51:54.332046
EXT-00014,{PM2.5},Air4Thai,สถานี: สำนักงานเขตบางพลัด | PM2.5: - (AQI -) | PM10: -1 | CO: -1 | O3: -1 | NO2: -1 | SO2: -1 | เวลา: 2025-11-23 22:00,,,"13.793965,100.504956","ริมถนนจรัญสนิทวงศ์ เขตบางพลัด, กรุงเทพฯ",,,กรุงเทพมหานคร,2025-11-23T22:51:54.332050,open,0,0,2025-11-23T22:51:54.332050
EXT-00015,{PM2.5},Air4Thai,สถานี: สำนักงานเขตบางแค | PM2.5: - (AQI -) | PM10: 49 | CO: -1 | O3: -1 | NO2: -1 | SO2: -1 | เวลา: 2025-11-23 22:00,,,"13.696314,100.409049","เขตบางแค, กรุงเทพฯ",,,กรุงเทพมหานคร,2025-11-23T22:51:54.332054,open,0,0,2025-11-23T22:51:54.332055
EXT-00016,{PM2.5},Air4Thai,สถานี: สำนักงานเขตบางขุนเทียน | PM2.5: - (AQI -) | PM10: -1 | CO: -1 | O3: -1 | NO2: -1 | SO2: -1 | เวลา: 2025-11-23 22:00,,,"13.659908,100.435902","ริมถนนพระราม 2 เขตบางขุนเทียน, กรุงเทพฯ",,,กรุงเทพมหานคร,2025-11-23T22:51:54.332058,open,0,0,2025-11-23T22:51:54.332059
EXT-00017,{PM2.5},Air4Thai,สถานี: สำนักงานเขตบางคอแหลม (Mobile) | PM2.5: - (AQI -) | PM10: -1 | CO: -1 | O3: -1 | NO2: -1 | SO2: -1 | เวลา: 2025-03-20 04:00,,,"13.69304,100.50244","เขตบางคอแหลม, กรุงเทพฯ",,,กรุงเทพมหานคร,2025-11-23T22:51:54.332062,open,0,0,2025-11-23T22:51:54.332063
EXT-00018,{PM2.5},Air4Thai,สถานี: สวนลุมพินี ถนนพระราม 4 แขวงวังใหม่ เขตปทุมวัน | PM2.5: - (AQI -) | PM10: -1 | CO: -1 | O3: -1 | NO2: -1 | SO2: -1 | เวลา: 2025-11-23 20:00,,,"13.732225,100.5448381",สวนลุมพินี เขตปทุมวัน,,,กรุงเทพมหานคร,2025-11-23T22:51:54.332067,open,0,0,2025-11-23T22:51:54.332068
EXT-00019,{PM2.5},Air4Thai,สถานี: สวนจตุจักร ถนนพหลโยธิน แขวงจตุจักร เขตจตุจักร | PM2.5: - (AQI -) | PM10: -1 | CO: -1 | O3: -1 | NO2: -1 | SO2: -1 | เวลา: 2025-11-23 22:00,,,"13.802546,100.5509191",สวนจตุจักร เขตจตุจักร,,,กรุงเทพมหานคร,2025-11-23T22:51:54.332071,open,0,0,2025-11-23T22:51:54.332072
EXT-00020,{PM2.5},Air4Thai,สถานี: สวนหลวง ร.9 ถนนเฉลิมพระเกียรติ ร.9 แขวงหนองบอน เขตประเวศ | PM2.5: - (AQI -) | PM10: -1 | CO: -1 | O3: -1 | NO2: -1 | SO2: -1 | เวลา: 2025-11-23 22:00,,,"13.6881393,100.6579657",สวนหลวง ร.9 เขตประเวศ,,,กรุงเทพมหานคร,2025-11-23T22:51:54.332075,open,0,0,2025-11-23T22:51:54.332076
EXT-00021,{PM2.5},Air4Thai,สถานี: สวน 60 พรรษาสมเด็จพระนางเจ้าพระบรมราชินีนาถ ถนนเคหะร่มเกล้า เขตลาดกระบัง | PM2.5: - (AQI -) | PM10: -1 | CO: -1 | O3: -1 | NO2: -1 | SO2: -1 | เวลา: 2025-11-23 22:00,,,"13.7631141,100.7302101",สวน 60 พรรษาสมเด็จพระนางเจ้าพระบรมราชินีนาถ เขตลาดกระบัง,,,กรุงเทพมหานคร,2025-11-23T22:51:54.332079,open,0,0,2025-11-23T22:51:54.332080
EXT-00022,{PM2.5},Air4Thai,สถานี: อุทยานเบญจสิริ | PM2.5: - (AQI -) | PM10: -1 | CO: -1 | O3: -1 | NO2: -1 | SO2: -1 | เวลา: 2025-11-23 22:00,,,"13.7304916,100.5684634",อุทยานเบญจสิริ เขตคลองเตย,,,กรุงเทพมหานคร,2025-11-23T22:51:54.332083,open,0,0,2025-11-23T22:51:54.332084
EXT-00023,{PM2.5},Air4Thai,สถานี: สวนรมณีย์ทุ่งสีกัน | PM2.5: - (AQI -) | PM10: -1 | CO: -1 | O3: -1 | NO2: -1 | SO2: -1 | เวลา: 2025-11-23 22:00,,,"13.9288678,100.5684666",สวนรมณีย์ทุ่งสีกัน เขตดอนเมือง,,,กรุงเทพมหานคร,2025-11-23T22:51:54.332087,open,0,0,2025-11-23T22:51:54.332088
EXT-00024,{PM2.5},Air4Thai,สถานี: สวนธนบุรีรมย์ | PM2.5: - (AQI -) | PM10: -1 | CO: -1 | O3: -1 | NO2: -1 | SO2: -1 | เวลา: 2025-11-23 22:00,,,"13.6502295,100.4909771",สวนธนบุรีรมย์ เขตทุ่งครุ,,,กรุงเทพมหานคร,2025-11-23T22:51:54.332092,open,0,0,2025-11-23T22:51:54.332092
EXT-00025,{PM2.5},Air4Thai,สถานี: สวนเบญจกิติ | PM2.5: - (AQI -) | PM10: -1 | CO: -1 | O3: -1 | NO2: -1 | SO2: -1 | เวลา: 2025-11-23 22:00,,,"13.7328791,100.5600172",สวนเบญจกิติ เขตคลองเตย,,,กรุงเทพมหานคร,2025-11-23T22:51:54.332095,open,0,0,2025-11-23T22:51:54.332096
EXT-00026,{PM2.5},Air4Thai,สถานี: สวนสมเด็จพระนางเจ้าสิริกิติ์ฯ | PM2.5: - (AQI -) | PM10: -1 | CO: -1 | O3: -1 | NO2: -1 | SO2: -1 | เวลา: 2025-11-23 22:00,,,"13.8055472,100.5488338",สวนสมเด็จพระนางเจ้าสิริกิติ์ฯ เขตจตุจักร,,,กรุงเทพมหานคร,2025-11-23T22:51:54.332099,open,0,0,2025-11-23T22:51:54.332100
EXT-00027,{PM2.5},Air4Thai,สถานี: สวนเฉลิมพระเกียรติ 80 พรรษา | PM2.5: - (AQI -) | PM10: -1 | CO: -1 | O3: -1 | NO2: -1 | SO2: -1 | เวลา: 2025-11-23 22:00,,,"13.7716446,100.4681128",สวนเฉลิมพระเกียรติ 80 พรรษา เขตบางกอกน้อย,,,กรุงเทพมหานคร,2025-11-23T22:51:54.332103,open,0,0,2025-11-23T22:51:54.332104
EXT-00028,{PM2.5},Air4Thai,สถานี: สวนเสรีไทย | PM2.5: - (AQI -) | PM10: -1 | CO: -1 | O3: -1 | NO2: -1 | SO2: -1 | เวลา: 2025-11-23 22:00,,,"13.7855673,100.6733359",สวนเสรีไทย เขตบึงกุ่ม,,,กรุงเทพมหานคร,2025-11-23T22:51:54.332108,open,0,0,2025-11-23T22:51:54.332108
EXT-00029,{PM2.5},Air4Thai,สถานี: สวนบางแคภิรมย์ | PM2.5: - (AQI -) | PM10: -1 | CO: -1 | O3: -1 | NO2: -1 | SO2: -1 | เวลา: 2025-11-23 22:00,,,"13.6863478,100.3844036",สวนบางแคภิรมย์ เขตบางแค,,,กรุงเทพมหานคร,2025-11-23T22:51:54.332112,open,0,0,2025-11-23T22:51:54.332112
EXT-00030,{PM2.5},Air4Thai,สถานี: สวนทวีวนารมย์ | PM2.5: - (AQI -) | PM10: -1 | CO: -1 | O3: -1 | NO2: -1 | SO2: -1 | เวลา: 2025-11-23 22:00,,,"13.7435329,100.3526893",สวนทวีวนารมย์ เขตทวีวัฒนา,,,กรุงเทพมหานคร,2025-11-23T22:51:54.332116,open,0,0,2025-11-23T22:51:54.332116
EXT-00031,{PM2.5},Air4Thai,สถานี: สวนพระนคร | PM2.5: - (AQI -) | PM10: -1 | CO: -1 | O3: -1 | NO2: -1 | SO2: -1 | เวลา: 2025-11-23 22:00,,,"13.7201042,100.7807077",สวนพระนคร เขตลาดกระบัง,,,กรุงเทพมหานคร,2025-11-23T22:51:54.332120,open,0,0,2025-11-23T22:51:54.332120
EXT-00032,{PM2.5},Air4Thai,สถานี: สวนหนองจอก | PM2.5: - (AQI -) | PM10: -1 | CO: -1 | O3: -1 | NO2: -1 | SO2: -1 | เวลา: 2025-11-23 22:00,,,"13.855656,100.8585539",สวนหนองจอก เขตหนองจอก,,,กรุงเทพมหานคร,2025-11-23T22:51:54.332123,open,0,0,2025-11-23T22:51:54.332124
EXT-00033,{PM2.5},Air4Thai,สถานี: สวนกีฬารามอินทรา | PM2.5: - (AQI -) | PM10: -1 | CO: -1 | O3: -1 | NO2: -1 | SO2: -1 | เวลา: 2025-11-23 22:00,,,"13.8778763,100.6207085",สวนกีฬารามอินทรา เขตบางเขน,,,กรุงเทพมหานคร,2025-11-23T22:51:54.332127,open,0,0,2025-11-23T22:51:54.332128
EXT-00034,{PM2.5},Air4Thai,สถานี: สวนสาธารณะเฉลิมพระเกียรติ 6 รอบพระชนมพรรษา | PM2.5: - (AQI -) | PM10: -1 | CO: -1 | O3: -1 | NO2: -1 | SO2: -1 | เวลา: 2025-11-23 22:00,,,"13.697252,100.497185",สวนสาธารณะเฉลิมพระเกียรติ 6 รอบพระชนมพรรษา เขตบางคอแหลม,,,กรุงเทพมหานคร,2025-11-23T22:51:54.332131,open,0,0,2025-11-23T22:51:54.332132
EXT-00035,{PM2.5},Air4Thai,สถานี: สวนหลวงพระราม 8 | PM2.5: - (AQI -) | PM10: -1 | CO: -1 | O3: -1 | NO2: -1 | SO2: -1 | เวลา: 2025-11-23 22:00,,,"13.7693437,100.4945337",สวนหลวงพระราม 8 เขตบางพลัด,,,กรุงเทพมหานคร,2025-11-23T22:51:54.332136,open,0,0,2025-11-23T22:51:54.332137
EXT-00036,{PM2.5},Air4Thai,สถานี: สำนักงานเขตดินแดง กรุงเทพฯ | PM2.5: - (AQI -) | PM10: 80 | CO: -1 | O3: -1 | NO2: -1 | SO2: -1 | เวลา: 2025-11-23 22:00,,,"13.7619223,100.558606","ริมถนนวิภาวดีรังสิต, เขตดินแดง, กรุงเทพฯ",,,กรุงเทพมหานคร,2025-11-23T22:51:54.332140,open,0,0,2025-11-23T22:51:54.332141
EXT-00037,{PM2.5},Air4Thai,สถานี: สำนักงานเขตพระโขนง กรุงเทพฯ | PM2.5: - (AQI -) | PM10: 72 | CO: -1 | O3: -1 | NO2: -1 | SO2: -1 | เวลา: 2025-11-23 22:00,,,"13.691511,100.61457","ริมถนนสุขุมวิท เขตพระโขนง, กรุงเทพฯ",,,กรุงเทพมหานคร,2025-11-23T22:51:54.332144,open,0,0,2025-11-23T22:51:54.332145
EXT-00038,{PM2.5},Air4Thai,สถานี: สำนักงานเขตราษฎร์บูรณะ กรุงเทพฯ | PM2.5: - (AQI -) | PM10: 57 | CO: -1 | O3: -1 | NO2: -1 | SO2: -1 | เวลา: 2025-11-23 22:00,,,"13.6821364,100.5060513","ริมถนนราษฎร์บูรณะ, เขตราษฎร์บูรณะ, กรุงเทพฯ",,,กรุงเทพมหานคร,2025-11-23T22:51:54.332148,open,0,0,2025-11-23T22:51:54.332149
EXT-00039,{PM2.5},Air4Thai,สถานี: สำนักงานเขตราชเทวี กรุงเทพฯ | PM2.5: - (AQI -) | PM10: 41 | CO: -1 | O3: -1 | NO2: -1 | SO2: -1 | เวลา: 2025-11-23 22:00,,,"13.7590851,100.5345788","ริมถนนพญาไท เขตราชเทวี, กรุงเทพฯ",,,กรุงเทพมหานคร,2025-11-23T22:51:54.332152,open,0,0,2025-11-23T22:51:54.332152
EXT-00040,{PM2.5},Air4Thai,สถานี: ริมสวนหย่อมตรงข้ามสำนักงานเขตดุสิต | PM2.5: - (AQI -) | PM10: 51 | CO: -1 | O3: -1 | NO2: -1 | SO2: -1 | เวลา: 2025-11-23 22:00,,,"13.776664,100.520982","ริมถนนพระราม 5 เขตดุสิต, กรุงเทพฯ",,,กรุงเทพมหานคร,2025-11-23T22:51:54.332155,open,0,0,2025-11-23T22:51:54.332156
EXT-00041,{PM2.5},Air4Thai,สถานี: สำนักงานคณะกรรมการพัฒนาเศรษฐกิจและสังคมแห่งชาติ | PM2.5: - (AQI -) | PM10: 71 | CO: -1 | O3: -1 | NO2: -1 | SO2: -1 | เวลา: 2025-11-23 22:00,,,"13.756281,100.514267","ริมถนนกรุงเกษม เขตป้อมปราบศัตรูพ่าย, กรุงเทพฯ",,,กรุงเทพมหานคร,2025-11-23T22:51:54.332159,open,0,0,2025-11-23T22:51:54.332160
EXT-00042,{PM2.5},Air4Thai,สถานี: วงเวียนโอเดียน | PM2.5: - (AQI -) | PM10: -1 | CO: -1 | O3: -1 | NO2: -1 | SO2: -1 | เวลา: 2025-11-23 22:00,,,"13.737136,100.512734","ริมถนนตรีมิตร วงเวียนโอเดียน์ เขตสัมพันธวงศ์, กรุงเทพฯ",,,กรุงเทพมหานคร,2025-11-23T22:51:54.332164,open,0,0,2025-11-23T22:51:54.332164
EXT-00043,{PM2.5},Air4Thai,สถานี: แฟลตทหารบก สามเสน | PM2.5: - (AQI -) | PM10: -1 | CO: -1 | O3: -1 | NO2: -1 | SO2: -1 | เวลา: 2025-11-23 22:00,,,"13.783554,100.5344645","ริมถนนพระราม 6 เขตพญาไท, กรุงเทพฯ",,,กรุงเทพมหานคร,2025-11-23T22:51:54.332167,open,0,0,2025-11-23T22:51:54.332168
EXT-00044,{PM2.5},Air4Thai,สถานี: สำนักงานเขตวังทองหลาง | PM2.5: - (AQI -) | PM10: -1 | CO: -1 | O3: -1 | NO2: -1 | SO2: -1 | เวลา: 2025-11-23 22:00,,,"13.778981,100.622294","ริมถนนลาดพร้าว ซอยลาดพร้าว 95 เขตวังทองหลาง, กรุงเทพฯ",,,กรุงเทพมหานคร,2025-11-23T22:51:54.332171,open,0,0,2025-11-23T22:51:54.332172
EXT-00045,{PM2.5},Air4Thai,สถานี: สามย่านมิตรทาวน์ | PM2.5: - (AQI -) | PM10: -1 | CO: -1 | O3: -1 | NO2: -1 | SO2: -1 | เวลา: 2025-11-23 22:00,,,"13.733136,100.52829","ริมถนนพระรามที่ 4 หน้าสามย่านมิตรทาวน์ เขตปทุมวัน, กรุงเทพฯ",,,กรุงเทพมหานคร,2025-11-23T22:51:54.332175,open,0,0,2025-11-23T22:51:54.332176
EXT-00046,{PM2.5},Air4Thai,สถานี: ลานบางรักเลิฟลี่ พลาซ่า | PM2.5: - (AQI -) | PM10: -1 | CO: -1 | O3: -1 | NO2: -1 | SO2: -1 | เวลา: 2025-11-23 22:00,,,"13.726136,100.528055","ริมถนนนราธิวาส เขตบางรัก, กรุงเทพฯ",,,กรุงเทพมหานคร,2025-11-23T22:51:54.332179,open,0,0,2025-11-23T22:51:54.332180
EXT-00047,{PM2.5},Air4Thai,สถานี: สำนักงานเขตสาทร | PM2.5: - (AQI -) | PM10: -1 | CO: -1 | O3: -1 | NO2: -1 | SO2: -1 | เวลา: 2025-11-23 22:00,,,"13.707763,100.526787","แขวงทุ่งวัดดอน เขตสาทร, กรุงเทพฯ",,,กรุงเทพมหานคร,2025-11-23T22:51:54.332184,open,0,0,2025-11-23T22:51:54.332185
EXT-00048,{PM2.5},Air4Thai,สถานี: ธนาคารกรุงศรีอยุธยา สำนักงานใหญ่ | PM2.5: - (AQI -) | PM10: -1 | CO: -1 | O3: -1 | NO2: -1 | SO2: -1 | เวลา: 2025-11-23 22:00,,,"13.679226,100.54687","ริมถนนพระราม 3 เขตยานนาวา, กรุงเทพฯ",,,กรุงเทพมหานคร,2025-11-23T22:51:54.332188,open,0,0,2025-11-23T22:51:54.332188
EXT-00049,{PM2.5},Air4Thai,สถานี: ริมถนนซอยสุขุมวิท 63 | PM2.5: - (AQI -) | PM10: 48 | CO: -1 | O3: -1 | NO2: -1 | SO2: -1 | เวลา: 2025-11-23 22:00,,,"13.722096,100.584559","ริมถนนซอยสุขุมวิท 63 เขตวัฒนา, กรุงเทพฯ",,,กรุงเทพมหานคร,2025-11-23T22:51:54.332192,open,0,0,2025-11-23T22:51:54.332192
EXT-00050,{PM2.5},Air4Thai,สถานี: สำนักงานเขตสวนหลวง | PM2.5: - (AQI -) | PM10: 57 | CO: -1 | O3: -1 | NO2: -1 | SO2: -1 | เวลา: 2025-11-23 22:00,,,"13.731051,100.651705","ริมถนนพัฒนาการ เขตสวนหลวง, กรุงเทพฯ",,,กรุงเทพมหานคร,2025-11-23T22:51:54.332195,open,0,0,2025-11-23T22:51:54.332196
EXT-00051,{PM2.5},Air4Thai,สถานี: บิ๊กซี ซุปเปอร์เซ็นเตอร์ บางนา | PM2.5: - (AQI -) | PM10: 58 | CO: -1 | O3: -1 | NO2: -1 | SO2: -1 | เวลา: 2025-11-23 22:00,,,"13.667987,100.635313","ริมถนนบางนา-ตราด เขตบางนา, กรุงเทพฯ",,,กรุงเทพมหานคร,2025-11-23T22:51:54.332199,open,0,0,2025-11-23T22:51:54.332200
EXT-00052,{PM2.5},Air4Thai,สถานี: มหาวิทยาลัยเกษตรศาสตร์ | PM2.5: - (AQI -) | PM10: -1 | CO: -1 | O3: -1 | NO2: -1 | SO2: -1 | เวลา: 2025-11-23 22:00,,,"13.839923,100.575632","ริมถนนพหลโยธิน แยก ม.เกษตรศาสตร์ เขตจตุจักร, กรุงเทพฯ",,,กรุงเทพมหานคร,2025-11-23T22:51:54.332203,open,0,0,2025-11-23T22:51:54.332203
EXT-00053,{PM2.5},Air4Thai,สถานี: สำนักงานเขตดอนเมือง | PM2.5: - (AQI -) | PM10: 55 | CO: -1 | O3: -1 | NO2: -1 | SO2: -1 | เวลา: 2025-11-23 22:00,,,"13.910986,100.594877","เขตดอนเมือง, กรุงเทพฯ",,,กรุงเทพมหานคร,2025-11-23T22:51:54.332207,open,0,0,2025-11-23T22:51:54.332207
EXT-00054,{PM2.5},Air4Thai,สถานี: สำนักงานเขตสายไหม | PM2.5: - (AQI -) | PM10: 47 | CO: -1 | O3: -1 | NO2: -1 | SO2: -1 | เวลา: 2025-11-23 22:00,,,"13.896035,100.660628","ริมถนนสุขาภิบาล5 เขตสายไหม, กรุงเทพฯ",,,กรุงเทพมหานคร,2025-11-23T22:51:54.332210,open,0,0,2025-11-23T22:51:54.332211
EXT-00055,{PM2.5},Air4Thai,สถานี: สำนักงานเขตบางกะปิ | PM2.5: - (AQI -) | PM10: -1 | CO: -1 | O3: -1 | NO2: -1 | SO2: -1 | เวลา: 2025-11-23 22:00,,,"13.766478,100.647785","ริมถนนนวมินทร์ แยกบางกะปิ เขตบางกะปิ, กรุงเทพฯ",,,กรุงเทพมหานคร,2025-11-23T22:51:54.332214,open,0,0,2025-11-23T22:51:54.332215
EXT-00056,{PM2.5},Air4Thai,สถานี: แยกสวนสยาม-รามอินทรา | PM2.5: - (AQI -) | PM10: 52 | CO: -1 | O3: -1 | NO2: -1 | SO2: -1 | เวลา: 2025-11-23 22:00,,,"13.813844,100.686594","แยกสวนสยาม-รามอินทรา เขตคันนายาว, กรุงเทพฯ",,,กรุงเทพมหานคร,2025-11-23T22:51:54.332218,open,0,0,2025-11-23T22:51:54.332219
EXT-00057,{PM2.5},Air4Thai,สถานี: โรงพยาบาลลาดกระบัง | PM2.5: - (AQI -) | PM10: -1 | CO: -1 | O3: -1 | NO2: -1 | SO2: -1 | เวลา: 2025-11-23 22:00,,,"13.72205,100.784069","ริมถนนลาดกระบัง เขตลาดกระบัง, กรุงเทพฯ",,,กรุงเทพมหานคร,2025-11-23T22:51:54.332221,open,0,0,2025-11-23T22:51:54.332222
EXT-00058,{PM2.5},Air4Thai,สถานี: สวนเฉลิมพระเกียรติ ร.9 | PM2.5: - (AQI -) | PM10: 60 | CO: -1 | O3: -1 | NO2: -1 | SO2: -1 | เวลา: 2025-11-23 22:00,,,"13.813578,100.73208","ริมถนนสีหบุรานุกิจ เขตมีนบุรี, กรุงเทพฯ",,,กรุงเทพมหานคร,2025-11-23T22:51:54.332225,open,0,0,2025-11-23T22:51:54.332226
EXT-00059,{PM2.5},Air4Thai,สถานี: สำนักงานเขตหนองจอก | PM2.5: - (AQI -) | PM10: 70 | CO: -1 | O3: -1 | NO2: -1 | SO2: -1 | เวลา: 2025-11-23 22:00,,,"13.855362,100.86267","ริมถนนเลียบวารี เขตหนองจอก, กรุงเทพฯ",,,กรุงเทพมหานคร,2025-11-23T22:51:54.332229,open,0,0,2025-11-23T22:51:54.332230
EXT-00060,{PM2.5},Air4Thai,สถานี: ซีคอน สแควร์ | PM2.5: - (AQI -) | PM10: 72 | CO: -1 | O3: -1 | NO2: -1 | SO2: -1 | เวลา: 2025-11-23 22:00,,,"13.695561,100.647615","ริมถนนศรีนครินทร์ เขตประเวศ, กรุงเทพฯ",,,กรุงเทพมหานคร,2025-11-23T22:51:54.332233,open,0,0,2025-11-23T22:51:54.332233
EXT-00061,{PM2.5},Air4Thai,สถานี: แยกมไหศวรรย์ | PM2.5: - (AQI -) | PM10: -1 | CO: -1 | O3: -1 | NO2: -1 | SO2: -1 | เวลา: 2025-11-23 15:00,,,"13.70515,100.48465","ริมถนนรัชดาภิเษก-ท่าพระ เขตธนบุรี, กรุงเทพฯ",,,กรุงเทพมหานคร,2025-11-23T22:51:54.332236,open,0,0,2025-11-23T22:51:54.332237
EXT-00062,{PM2.5},Air4Thai,สถานี: ห้องสมุดใต้สะพานสมเด็จพระเจ้าตากสิน | PM2.5: - (AQI -) | PM10: -1 | CO: -1 | O3: -1 | NO2: -1 | SO2: -1 | เวลา: 2025-11-23 13:00,,,"13.719705,100.508782","ริมถนนเจริญนคร เขตคลองสาน, กรุงเทพฯ",,,กรุงเทพมหานคร,2025-11-23T22:51:54.332241,open,0,0,2025-11-23T22:51:54.332241
EXT-00063,{PM2.5},Air4Thai,สถานี: สี่แยกท่าพระ | PM2.5: - (AQI -) | PM10: 57 | CO: -1 | O3: -1 | NO2: -1 | SO2: -1 | เวลา: 2025-11-23 22:00,,,"13.729431,100.474373","ริมถนนแยกท่าพระ เขตบางกอกใหญ่, กรุงเทพฯ",,,กรุงเทพมหานคร,2025-11-23T22:51:54.332244,open,0,0,2025-11-23T22:51:54.332245
EXT-00064,{PM2.5},Air4Thai,สถานี: สถานีตำรวจรถไฟบางกอกน้อย | PM2.5: - (AQI -) | PM10: -1 | CO: -1 | O3: -1 | NO2: -1 | SO2: -1 | เวลา: 2025-11-23 22:00,,,"13.759619,100.481137","ริมถนนซอยนิคมบ้านพักรถไฟธนบุรี 5 เขตบางกอกน้อย, กรุงเทพฯ",,,กรุงเทพมหานคร,2025-11-23T22:51:54.332248,open,0,0,2025-11-23T22:51:54.332249
EXT-00065,{PM2.5},Air4Thai,สถานี: ถนนพุทธมณฑลสาย 1 ตัดกับถนนบรมราชชนนี | PM2.5: - (AQI -) | PM10: 45 | CO: -1 | O3: -1 | NO2: -1 | SO2: -1 | เวลา: 2025-11-23 22:00,,,"13.780778,100.426727","ริมถนนพุทธมณฑล 1 เขตตลิ่งชัน, กรุงเทพฯ",,,กรุงเทพมหานคร,2025-11-23T22:51:54.332253,open,0,0,2025-11-23T22:51:54.332253
EXT-00066,{PM2.5},Air4Thai,สถานี: ตลาดธนบุรีสนามหลวง 2 | PM2.5: - (AQI -) | PM10: 42 | CO: -1 | O3: -1 | NO2: -1 | SO2: -1 | เวลา: 2025-11-23 22:00,,,"13.746257,100.355099","ริมถนนคลองทวีวัฒนา เขตทวีวัฒนา, กรุงเทพฯ",,,กรุงเทพมหานคร,2025-11-23T22:51:54.332257,open,0,0,2025-11-23T22:51:54.332258
EXT-00067,{PM2.5},Air4Thai,สถานี: มหาวิทยาลัยสยาม | PM2.5: - (AQI -) | PM10: -1 | CO: -1 | O3: -1 | NO2: -1 | SO2: -1 | เวลา: 2025-11-23 22:00,,,"13.718689,100.45391","ริมถนนเพชรเกษม เขตภาษีเจริญ, กรุงเทพฯ",,,กรุงเทพมหานคร,2025-11-23T22:51:54.332261,open,0,0,2025-11-23T22:51:54.332262
EXT-00068,{PM2.5},Air4Thai,"สถานี: ริมถนนมาเจริญ เพชรเกษม 8, เขตหนองแขม | PM2.5: - (AQI -) | PM10: 66 | CO: -1 | O3: -1 | NO2: -1 | SO2: -1 | เวลา: 2025-11-23 22:00",,,"13.705582,100.343164","ริมถนนมาเจริญ เพชรเกษม 81 เขตหนองแขม, กรุงเทพฯ",,,กรุงเทพมหานคร,2025-11-23T22:51:54.332265,open,0,0,2025-11-23T22:51:54.332266
EXT-00069,{PM2.5},Air4Thai,สถานี: ตลาดบางบอน 5 | PM2.5: - (AQI -) | PM10: 77 | CO: -1 | O3: -1 | NO2: -1 | SO2: -1 | เวลา: 2025-11-23 22:00,,,"13.639165,100.372958","ริมถนนเอกชัย เขตบางบอน, กรุงเทพฯ",,,กรุงเทพมหานคร,2025-11-23T22:51:54.332269,open,0,0,2025-11-23T22:51:54.332270
EXT-00070,{PM2.5},Air4Thai,สถานี: มหาวิทยาลัยเทคโนโลยีพระจอมเกล้าธนบุรี | PM2.5: - (AQI -) | PM10: 52 | CO: -1 | O3: -1 | NO2: -1 | SO2: -1 | เวลา: 2025-11-23 22:00,,,"13.651004,100.496673","ริมถนนประชาอุทิศ เขตทุ่งครุ, กรุงเทพฯ",,,กรุงเทพมหานคร,2025-11-23T22:51:54.332273,open,0,0,2025-11-23T22:51:54.332274
EXT-00071,{PM2.5},Air4Thai,สถานี: สำนักงานเขตพระนคร | PM2.5: - (AQI -) | PM10: -1 | CO: -1 | O3: -1 | NO2: -1 | SO2: -1 | เวลา: 2025-11-23 22:00,,,"13.76415,100.499077","ริมถนนสามเสน เขตพระนคร, กรุงเทพฯ",,,กรุงเทพมหานคร,2025-11-23T22:51:54.332277,open,0,0,2025-11-23T22:51:54.332278
EXT-00072,{PM2.5},Air4Thai,สถานี: สำนักงานเขตห้วยขวาง | PM2.5: - (AQI -) | PM10: 39 | CO: -1 | O3: -1 | NO2: -1 | SO2: -1 | เวลา: 2025-11-23 22:00,,,"13.77682,100.579543","เขตห้วยขวาง, กรุงเทพฯ",,,กรุงเทพมหานคร,2025-11-23T22:51:54.332281,open,0,0,2025-11-23T22:51:54.332282
EXT-00073,{PM2.5},Air4Thai,สถานี: สำนักงานเขตคลองเตย | PM2.5: - (AQI -) | PM10: -1 | CO: -1 | O3: -1 | NO2: -1 | SO2: -1 | เวลา: 2025-11-23 22:00,,,"13.708488,100.583747","แขวงคลองเตย เขตคลองเตย, กรุงเทพฯ",,,กรุงเทพมหานคร,2025-11-23T22:51:54.332284,open,0,0,2025-11-23T22:51:54.332285
EXT-00074,{PM2.5},Air4Thai,สถานี: สำนักงานเขตบางซื่อ | PM2.5: - (AQI -) | PM10: -1 | CO: -1 | O3: -1 | NO2: -1 | SO2: -1 | เวลา: 2025-11-23 22:00,,,"13.809596,100.537883","แขวงบางซื่อ เขตบางซื่อ, กรุงเทพฯ",,,กรุงเทพมหานคร,2025-11-23T22:51:54.332288,open,0,0,2025-11-23T22:51:54.332289
EXT-00075,{PM2.5},Air4Thai,สถานี: สำนักงานเขตลาดพร้าว | PM2.5: - (AQI -) | PM10: 46 | CO: -1 | O3: -1 | NO2: -1 | SO2: -1 | เวลา: 2025-11-23 22:00,,,"13.803587,100.607535","เขตลาดพร้าว, กรุงเทพฯ",,,กรุงเทพมหานคร,2025-11-23T22:51:54.332292,open,0,0,2025-11-23T22:51:54.332293
EXT-00076,{PM2.5},Air4Thai,สถานี: สำนักงานเขตหลักสี่ | PM2.5: - (AQI -) | PM10: -1 | CO: -1 | O3: -1 | NO2: -1 | SO2: -1 | เวลา: 2025-11-23 22:00,,,"13.887395,100.579247","แขวงทุ่งสองห้อง เขตหลักสี่, กรุงเทพฯ",,,กรุงเทพมหานคร,2025-11-23T22:51:54.332296,open,0,0,2025-11-23T22:51:54.332296
EXT-00077,{PM2.5},Air4Thai,สถานี: สำนักงานเขตบางเขน | PM2.5: - (AQI -) | PM10: -1 | CO: -1 | O3: -1 | NO2: -1 | SO2: -1 | เวลา: 2025-11-23 22:00,,,"13.873603,100.595839","ริมถนนพหลโยธิน เขตบางเขน, กรุงเทพฯ",,,กรุงเทพมหานคร,2025-11-23T22:51:54.332300,open,0,0,2025-11-23T22:51:54.332300
EXT-00078,{PM2.5},Air4Thai,สถานี: สำนักงานเขตสะพานสูง | PM2.5: - (AQI -) | PM10: 46 | CO: -1 | O3: -1 | NO2: -1 | SO2: -1 | เวลา: 2025-11-23 22:00,,,"13.768892,100.685743","เขตสะพานสูง, กรุงเทพฯ",,,กรุงเทพมหานคร,2025-11-23T22:51:54.332303,open,0,0,2025-11-23T22:51:54.332304
EXT-00079,{PM2.5},Air4Thai,สถานี: เคหะชุมชนคลองจั่น | PM2.5: - (AQI -) | PM10: -1 | CO: -1 | O3: -1 | NO2: -1 | SO2: -1 | เวลา: 2025-11-23 22:00,,,"13.76121,100.517035","แขวงคลองจั่น, เขตบางกะปิ,กรุงเทพฯ",,,กรุงเทพมหานคร,2025-11-23T22:51:54.332307,open,0,0,2025-11-23T22:51:54.332308
EXT-00080,{PM2.5},Air4Thai,สถานี: อ่างเก็บน้ำประปา | PM2.5: - (AQI -) | PM10: -1 | CO: -1 | O3: -1 | NO2: -1 | SO2: -1 | เวลา: 2025-11-23 22:00,,,"13.832076,100.057961","ต.นครปฐม อ.เมือง, นครปฐม",,,กรุงเทพมหานคร,2025-11-23T22:51:54.332311,open,0,0,2025-11-23T22:51:54.332312
EXT-00081,{PM2.5},Air4Thai,สถานี: กรมควบคุมโรค | PM2.5: - (AQI -) | PM10: 42 | CO: 0.40 | O3: 46 | NO2: 27 | SO2: 2 | เวลา: 2025-11-23 22:00,,,"13.852778,100.529444","ต.ตลาดขวัญ อ.เมือง, นนทบุรี",,,กรุงเทพมหานคร,2025-11-23T22:51:54.332315,open,0,0,2025-11-23T22:51:54.332315
EXT-00082,{PM2.5},Air4Thai,สถานี: มหาวิทยาลัยสุโขทัยธรรมาธิราช  | PM2.5: - (AQI -) | PM10: 60 | CO: -1 | O3: -1 | NO2: -1 | SO2: -1 | เวลา: 2025-11-23 22:00,,,"13.907861,100.535641","ต.บางพูด อ.ปากเกร็ด, นนทบุรี",,,กรุงเทพมหานคร,2025-11-23T22:51:54.332319,open,0,0,2025-11-23T22:51:54.332319
EXT-00083,{PM2.5},Air4Thai,สถานี: มหาวิทยาลัยกรุงเทพ วิทยาเขตรังสิต  | PM2.5: - (AQI -) | PM10: 47 | CO: 0.20 | O3: 30 | NO2: 0 | SO2: 4 | เวลา: 2025-11-23 22:00,,,"14.03742,100.605216","ต.คลองหนึ่ง อ.คลองหลวง, ปทุมธานี",,,กรุงเทพมหานคร,2025-11-23T22:51:54.332322,open,0,0,2025-11-23T22:51:54.332323
EXT-00084,{PM2.5},Air4Thai,สถานี: ศูนย์ฟื้นฟูอาชีพคนพิการและทุพลภาพ  | PM2.5: - (AQI -) | PM10: -1 | CO: -1 | O3: -1 | NO2: -1 | SO2: -1 | เวลา: 2025-11-23 22:00,,,"13.664087,100.543436","ต.ทรงคนอง อ.พระประแดง, สมุทรปราการ",,,กรุงเทพมหานคร,2025-11-23T22:51:54.332327,open,0,0,2025-11-23T22:51:54.332327
EXT-00085,{PM2.5},Air4Thai,สถานี: โรงไฟฟ้าพระนครใต้  | PM2.5: - (AQI -) | PM10: 38 | CO: -1 | O3: -1 | NO2: -1 | SO2: -1 | เวลา: 2025-11-23 22:00,,,"13.618,100.5562","ต.บางโปรง อ.เมือง, สมุทรปราการ",,,กรุงเทพมหานคร,2025-11-23T22:51:54.332330,open,0,0,2025-11-23T22:51:54.332331
EXT-00086,{PM2.5},Air4Thai,สถานี: บ้านพักกรมอุตสาหกรรมพื้นฐานและการเหมืองแร่ | PM2.5: - (AQI -) | PM10: -1 | CO: -1 | O3: -1 | NO2: -1 | SO2: -1 | เวลา: 2025-10-05 23:00,,,"13.652141,100.531805","ต.ตลาด อ.พระประแดง, สมุทรปราการ",,,กรุงเทพมหานคร,2025-11-23T22:51:54.332334,open,0,0,2025-11-23T22:51:54.332335
EXT-00087,{PM2.5},Air4Thai,สถานี: ศาลากลางจังหวัดสมุทรปราการ  | PM2.5: - (AQI -) | PM10: -1 | CO: -1 | O3: -1 | NO2: -1 | SO2: -1 | เวลา: 2025-11-23 22:00,,,"13.599149,100.597345","ต.ปากน้ำ อ.เมือง, สมุทรปราการ",,,กรุงเทพมหานคร,2025-11-23T22:51:54.332338,open,0,0,2025-11-23T22:51:54.332338
EXT-00088,{PM2.5},Air4Thai,สถานี: การเคหะชุมชนเมืองใหม่บางพลี  | PM2.5: - (AQI -) | PM10: -1 | CO: -1 | O3: -1 | NO2: -1 | SO2: -1 | เวลา: 2025-11-23 22:00,,,"13.5705,100.7862867","ต.บางเสาธง อ.บางเสาธง, สมุทรปราการ",,,กรุงเทพมหานคร,2025-11-23T22:51:54.332341,open,0,0,2025-11-23T22:51:54.332342
EXT-00089,{PM2.5},Air4Thai,สถานี: แขวงการทางสมุทรสาคร  | PM2.5: - (AQI -) | PM10: -1 | CO: 0.30 | O3: 42 | NO2: 20 | SO2: 2 | เวลา: 2025-11-23 22:00,,,"13.7054879,100.315622","ต.อ้อมน้อย อ.กระทุ่มแบน, สมุทรสาคร",,,กรุงเทพมหานคร,2025-11-23T22:51:54.332346,open,0,0,2025-11-23T22:51:54.332346
EXT-00090,{PM2.5},Air4Thai,สถานี: โรงเรียนสมุทรสาครวิทยาลัย | PM2.5: - (AQI -) | PM10: -1 | CO: -1 | O3: -1 | NO2: -1 | SO2: -1 | เวลา: 2025-11-23 22:00,,,"13.5502631,100.2647676","ต.มหาชัย อ.เมือง, สมุทรสาคร",,,กรุงเทพมหานคร,2025-11-23T22:51:54.332350,open,0,0,2025-11-23T22:51:54.332350
